Ship,Cruise,DateUTC,TimeUTC,Station,Cast,LongDeg,LongMin,LongHem,LatDeg,LatMin,LatHem,Longitude,Latitude,WaterDepthM,SampleDepthM,Bottom_OxMgL
OREGON II,313,9-Jun-15,21:41:55,1,1,96,35.87,W,26,33.45,N,-96.597833,26.5575,74.6,75,5.1061
OREGON II,313,10-Jun-15,0:21:03,2,1,96,29.35,W,26,29.21,N,-96.489167,26.486833,81.8,80,5.3254
OREGON II,313,10-Jun-15,1:10:28,3,1,96,29.21,W,26,27.84,N,-96.486833,26.464,76.5,76,5.1406
OREGON II,313,10-Jun-15,3:37:02,4,1,96,33.07,W,26,25.92,N,-96.551167,26.432,64,62,4.9857
OREGON II,313,10-Jun-15,6:05:21,5,1,96,22.32,W,26,18.29,N,-96.372,26.304833,80.7,78,5.2659
OREGON II,313,10-Jun-15,9:22:24,6,1,96,30.1,W,26,2.89,N,-96.501667,26.048167,61.8,60,5.3137
OREGON II,313,10-Jun-15,10:29:29,7,1,96,37.67,W,26,6.87,N,-96.627833,26.1145,49.2,48,4.9542
OREGON II,313,10-Jun-15,11:57:12,8,1,96,42,W,26,6.34,N,-96.7,26.105667,45.3,44,5.3853
OREGON II,313,10-Jun-15,15:06:08,9,1,97,0.21,W,26,0.29,N,-97.0035,26.004833,26.9,26,4.7353
OREGON II,313,10-Jun-15,16:34:22,10,1,96,59.74,W,26,12.74,N,-96.995667,26.212333,28.9,29,4.1177
OREGON II,313,10-Jun-15,17:55:07,11,1,97,5.5,W,26,14.65,N,-97.091667,26.244167,18.4,18,4.4406
OREGON II,313,10-Jun-15,19:41:47,12,1,97,2.13,W,26,21.65,N,-97.0355,26.360833,25.8,26,4.2142
OREGON II,313,10-Jun-15,22:06:53,13,1,97,0.32,W,26,29.99,N,-97.005333,26.499833,34,31,4.3863
OREGON II,313,10-Jun-15,23:06:48,14,1,96,55.39,W,26,31.21,N,-96.923167,26.520167,38.1,38,5.1375
OREGON II,313,11-Jun-15,2:29:29,15,1,97,8.35,W,26,46.58,N,-97.139167,26.776333,30,29,4.585
OREGON II,313,11-Jun-15,5:02:51,16,1,97,14.34,W,26,58.5,N,-97.239,26.975,24.5,22,3.0169
OREGON II,313,11-Jun-15,6:52:06,17,1,97,12.21,W,27,0.21,N,-97.2035,27.0035,26.5,25,3.7173
OREGON II,313,11-Jun-15,8:23:48,18,1,97,1.3,W,26,56.1,N,-97.021667,26.935,39.6,38,4.648
OREGON II,313,11-Jun-15,10:47:06,19,1,97,0.79,W,27,0.5,N,-97.013167,27.008333,40.4,38,4.7824
OREGON II,313,11-Jun-15,11:35:08,20,1,96,55.84,W,27,3.02,N,-96.930667,27.050333,49.1,50,4.7059
OREGON II,313,11-Jun-15,14:09:07,21,1,96,43.84,W,26,53.87,N,-96.730667,26.897833,78,78,5.0818
OREGON II,313,11-Jun-15,17:54:06,22,1,96,39.68,W,27,0.09,N,-96.661333,27.0015,88.9,89,5.2164
OREGON II,313,11-Jun-15,19:30:54,23,1,96,39.08,W,27,8.15,N,-96.651333,27.135833,84.4,84,5.0647
OREGON II,313,11-Jun-15,22:07:20,24,1,96,40.61,W,27,16.71,N,-96.676833,27.2785,71.3,71,4.9242
OREGON II,313,12-Jun-15,1:49:39,25,1,96,29.9,W,27,29.52,N,-96.498333,27.492,75.1,74,5.4323
OREGON II,313,12-Jun-15,3:50:22,26,1,96,49.62,W,27,31.01,N,-96.827,27.516833,38.5,38,4.6393
OREGON II,313,12-Jun-15,6:28:41,27,1,97,0.17,W,27,30.65,N,-97.002833,27.510833,27,27,4.3474
OREGON II,313,12-Jun-15,7:08:50,28,1,97,4.21,W,27,32.32,N,-97.070167,27.538667,23.2,20,3.7684
OREGON II,313,12-Jun-15,8:50:17,29,1,97,4.73,W,27,27.03,N,-97.078833,27.4505,25.2,24,3.7445
OREGON II,313,12-Jun-15,10:58:25,30,1,97,10.81,W,27,29.52,N,-97.180167,27.492,17.5,16,2.0106
OREGON II,313,12-Jun-15,18:19:18,31,1,96,49.65,W,27,56.03,N,-96.8275,27.933833,17,17,1.1637
OREGON II,313,12-Jun-15,19:36:41,32,1,96,45.08,W,27,56.03,N,-96.751333,27.933833,19.7,20,2.1311
OREGON II,313,12-Jun-15,21:26:51,33,1,96,35.87,W,27,51.76,N,-96.597833,27.862667,34.1,29,4.7752
OREGON II,313,12-Jun-15,23:05:36,34,1,96,39.93,W,27,49.21,N,-96.6655,27.820167,29.5,28,4.5538
OREGON II,313,13-Jun-15,0:56:29,35,1,96,30.6,W,27,47.08,N,-96.51,27.784667,43.8,43,5.2354
OREGON II,313,13-Jun-15,4:19:37,36,1,96,11.96,W,27,40.56,N,-96.199333,27.676,87.1,85,5.5592
OREGON II,313,13-Jun-15,6:42:52,37,1,96,15.58,W,27,46.5,N,-96.259667,27.775,64.8,61,5.0592
OREGON II,313,13-Jun-15,13:16:47,38,1,96,29.76,W,27,59.53,N,-96.496,27.992167,26.9,25,1.9664
OREGON II,313,13-Jun-15,14:29:52,39,1,96,35.38,W,28,7.21,N,-96.589667,28.120167,16.8,14,4.6131
OREGON II,313,13-Jun-15,18:21:39,40,1,96,20.08,W,28,15.82,N,-96.334667,28.263667,20.1,18,0.8962
OREGON II,313,13-Jun-15,19:38:29,41,1,96,12.92,W,28,11.04,N,-96.215333,28.184,24.7,24,2.0891
OREGON II,313,13-Jun-15,22:40:47,42,1,96,2.71,W,28,18.67,N,-96.045167,28.311167,21.7,22,1.5168
OREGON II,313,14-Jun-15,1:06:35,43,1,96,6.87,W,28,25.1,N,-96.1145,28.418333,16.2,15,0.3465
OREGON II,313,14-Jun-15,4:02:46,44,1,96,3.93,W,28,24.21,N,-96.0655,28.4035,18.1,15,0.8796
OREGON II,313,14-Jun-15,8:49:13,45,1,95,53.39,W,28,29.65,N,-95.889833,28.494167,17.1,16,0.1126
OREGON II,313,17-Jun-15,16:29:44,46,1,92,55.6,W,29,2.34,N,-92.926667,29.039,24.1,24,5.9564
OREGON II,313,17-Jun-15,17:58:50,47,1,92,58.87,W,29,1.65,N,-92.981167,29.0275,24,23,5.9483
OREGON II,313,17-Jun-15,19:38:32,48,1,92,59.41,W,28,59.92,N,-92.990167,28.998667,23.8,23,5.9132
OREGON II,313,17-Jun-15,20:13:38,49,1,93,1.87,W,29,2.31,N,-93.031167,29.0385,24,24,5.8587
OREGON II,313,17-Jun-15,22:30:56,50,1,93,10.64,W,29,8.32,N,-93.177333,29.138667,18.8,19,5.7347
OREGON II,313,18-Jun-15,2:00:59,51,1,93,29.89,W,29,21.19,N,-93.498167,29.353167,14.4,14,5.7879
OREGON II,313,18-Jun-15,4:34:01,52,1,93,31.32,W,29,26.53,N,-93.522,29.442167,12.1,11,4.8285
OREGON II,313,18-Jun-15,8:37:14,53,1,93,54.23,W,29,1.02,N,-93.903833,29.017,19.5,19,4.7227
OREGON II,313,18-Jun-15,10:09:02,54,1,93,58.85,W,29,1.95,N,-93.980833,29.0325,20.1,18,5.7803
OREGON II,313,18-Jun-15,11:46:59,55,1,94,0.32,W,28,59.6,N,-94.005333,28.993333,20.3,20,5.8007
OREGON II,313,18-Jun-15,13:28:32,56,1,94,12.49,W,28,51.76,N,-94.208167,28.862667,22.8,21,5.8609
OREGON II,313,18-Jun-15,15:15:01,57,1,94,11.08,W,28,49.96,N,-94.184667,28.832667,25.2,23,5.7215
OREGON II,313,18-Jun-15,17:55:36,58,1,94,20.79,W,28,41.46,N,-94.3465,28.691,25.9,24,5.7615
OREGON II,313,18-Jun-15,22:14:57,59,1,93,59.85,W,28,29.46,N,-93.9975,28.491,40.8,40,6.4143
OREGON II,313,19-Jun-15,1:01:20,60,1,94,7.92,W,28,23.41,N,-94.132,28.390167,46.3,46,6.2616
OREGON II,313,19-Jun-15,1:45:36,61,1,94,3.06,W,28,23.92,N,-94.051,28.398667,47.4,46,6.4581
OREGON II,313,19-Jun-15,3:20:15,62,1,93,57.71,W,28,20.19,N,-93.961833,28.3365,54.7,54,6.0383
OREGON II,313,19-Jun-15,7:01:24,63,1,94,0.02,W,27,59.82,N,-94.000333,27.997,82.4,80,5.7098
OREGON II,313,19-Jun-15,8:17:22,64,1,94,10.26,W,28,3.5,N,-94.171,28.058333,65.4,65,5.7424
OREGON II,313,19-Jun-15,12:03:44,65,1,94,30.21,W,28,0.02,N,-94.5035,28.000333,70.8,70,5.5865
OREGON II,313,19-Jun-15,13:01:53,66,1,94,34.5,W,28,5.53,N,-94.575,28.092167,57,56,5.9967
OREGON II,313,19-Jun-15,15:41:28,67,1,94,29.39,W,28,16.53,N,-94.489833,28.2755,47.3,47,6.4188
OREGON II,313,19-Jun-15,18:10:16,68,1,94,22.12,W,28,24.96,N,-94.368667,28.416,41.6,42,5.8618
OREGON II,313,19-Jun-15,20:10:57,69,1,94,27.5,W,28,29.46,N,-94.458333,28.491,36.9,37,5.4773
OREGON II,313,19-Jun-15,22:13:13,70,1,94,29.85,W,28,29.68,N,-94.4975,28.494667,36.5,36,4.4466
OREGON II,313,19-Jun-15,23:12:30,71,1,94,36.5,W,28,25.16,N,-94.608333,28.419333,39.7,39,5.6782
OREGON II,313,20-Jun-15,1:04:24,72,1,94,46.43,W,28,23.64,N,-94.773833,28.394,39.3,39,5.4031
OREGON II,313,20-Jun-15,4:24:26,73,1,94,51,W,28,1.19,N,-94.85,28.019833,76.5,76,5.4687
OREGON II,313,20-Jun-15,6:54:09,74,1,94,57.21,W,28,6.49,N,-94.9535,28.108167,56.2,54,6.0037
OREGON II,313,20-Jun-15,9:04:37,75,1,95,0.26,W,28,0.17,N,-95.004333,28.002833,80.6,79,5.4096
OREGON II,313,20-Jun-15,9:25:09,76,1,95,0.3,W,27,59.75,N,-95.005,27.995833,82.1,81,5.4042
OREGON II,313,20-Jun-15,12:23:55,77,1,95,17.89,W,27,53.45,N,-95.298167,27.890833,94.6,93,5.1936
OREGON II,313,20-Jun-15,15:40:50,78,1,95,17.5,W,28,10.82,N,-95.291667,28.180333,46.6,46,5.9371
OREGON II,313,20-Jun-15,16:51:03,79,1,95,18.98,W,28,8.82,N,-95.316333,28.147,48.2,48,6.0415
OREGON II,313,20-Jun-15,19:52:59,80,1,95,29.08,W,27,59.93,N,-95.484667,27.998833,55.5,55,5.7286
OREGON II,313,20-Jun-15,21:58:53,81,1,95,42.71,W,27,45.46,N,-95.711833,27.757667,74.5,74,5.2582
OREGON II,313,21-Jun-15,0:42:24,82,1,96,0.08,W,27,46.95,N,-96.001333,27.7825,69.4,70,5.0979
OREGON II,313,21-Jun-15,3:13:00,83,1,96,6.42,W,27,56.57,N,-96.107,27.942833,49.2,50,5.3755
OREGON II,313,21-Jun-15,5:38:35,84,1,96,1.03,W,28,0.1,N,-96.017167,28.001667,44.5,45,4.3765
OREGON II,313,21-Jun-15,6:26:47,85,1,95,56.48,W,28,3.46,N,-95.941333,28.057667,40.6,39,4.3885
OREGON II,313,21-Jun-15,9:14:26,86,1,95,48.32,W,27,59.35,N,-95.805333,27.989167,49.3,47,5.1349
OREGON II,313,21-Jun-15,13:26:21,87,1,95,31.59,W,28,14.42,N,-95.5265,28.240333,37.1,37,5.0353
OREGON II,313,21-Jun-15,14:37:06,88,1,95,32.07,W,28,12.04,N,-95.5345,28.200667,39.3,38,5.3189
OREGON II,313,21-Jun-15,18:05:13,89,1,95,33.85,W,28,26.45,N,-95.564167,28.440833,26.8,26,1.9768
OREGON II,313,21-Jun-15,20:36:39,90,1,95,20.34,W,28,27.98,N,-95.339,28.466333,31.2,30,3.8329
OREGON II,313,21-Jun-15,22:48:53,91,1,95,27.29,W,28,30.02,N,-95.454833,28.500333,26.8,26,2.6962
OREGON II,313,21-Jun-15,23:21:48,92,1,95,23.9,W,28,32.64,N,-95.398333,28.544,26.3,26,2.5881
OREGON II,313,22-Jun-15,0:25:59,92,2,95,24.96,W,28,29.93,N,-95.416,28.498833,27.3,27,2.7439
OREGON II,313,24-Jun-15,21:57:08,93,1,94,28.78,W,29,26.07,N,-94.479667,29.4345,10.3,9,1.4179
OREGON II,313,24-Jun-15,23:03:16,94,1,94,19.26,W,29,29.6,N,-94.321,29.493333,10.9,9,1.8935
OREGON II,313,25-Jun-15,0:40:07,95,1,94,18.9,W,29,29.75,N,-94.315,29.495833,10.7,10,1.2204
OREGON II,313,25-Jun-15,3:37:10,96,1,93,59.35,W,29,30.24,N,-93.989167,29.504,12.1,11,1.704
OREGON II,313,25-Jun-15,5:01:39,97,1,94,8.25,W,29,24.58,N,-94.1375,29.409667,17.1,11,2.7524
OREGON II,313,25-Jun-15,6:56:05,98,1,94,14.16,W,29,25.81,N,-94.236,29.430167,13.2,11,1.9993
OREGON II,313,25-Jun-15,9:52:58,99,1,94,17.82,W,29,15.48,N,-94.297,29.258,14.9,13,3.4596
OREGON II,313,25-Jun-15,12:02:41,100,1,94,7.19,W,29,12.39,N,-94.119833,29.2065,15.2,13,2.4404
OREGON II,313,25-Jun-15,15:54:32,101,1,94,30.42,W,28,59.93,N,-94.507,28.998833,18.6,17,2.6222
OREGON II,313,25-Jun-15,16:13:56,102,1,94,31.49,W,28,59.74,N,-94.524833,28.995667,18.5,17,2.8343
OREGON II,313,25-Jun-15,18:09:23,103,1,94,37.71,W,28,57,N,-94.6285,28.95,18.2,18,2.8572
OREGON II,313,25-Jun-15,20:19:29,104,1,94,46.68,W,28,57.79,N,-94.778,28.963167,17.3,17,3.3401
OREGON II,313,25-Jun-15,22:01:07,105,1,94,44.74,W,29,7.46,N,-94.745667,29.124333,16.8,16,3.024
OREGON II,313,26-Jun-15,0:23:49,106,1,94,43.76,W,29,11.58,N,-94.729333,29.193,14.4,13,2.4566
OREGON II,313,26-Jun-15,1:56:16,107,1,94,46.28,W,29,12.84,N,-94.771333,29.214,11.4,10,1.3781
OREGON II,313,26-Jun-15,3:40:05,108,1,94,51.82,W,29,8.26,N,-94.863667,29.137667,14.1,14,1.3396
OREGON II,313,26-Jun-15,6:19:37,109,1,95,0.06,W,29,0.49,N,-95.001,29.008167,15.6,14,3.2455
OREGON II,313,26-Jun-15,7:36:02,110,1,95,8.52,W,28,57.17,N,-95.142,28.952833,14.9,12,3.0038
OREGON II,313,26-Jun-15,9:13:11,111,1,95,4.39,W,28,53.24,N,-95.073167,28.887333,18.9,19,2.9321
OREGON II,313,26-Jun-15,12:46:14,112,1,95,23.46,W,28,45.76,N,-95.391,28.762667,15.5,15,1.4487
OREGON II,313,26-Jun-15,15:12:00,113,1,95,29.68,W,28,45.14,N,-95.494667,28.752333,10.9,9,0.9487
OREGON II,313,26-Jun-15,18:06:32,114,1,94,58.02,W,28,46.45,N,-94.967,28.774167,21.5,20,3.6133
OREGON II,313,26-Jun-15,20:07:35,115,1,95,1.9,W,28,37.07,N,-95.031667,28.617833,28.7,29,3.4852
OREGON II,313,26-Jun-15,21:11:40,116,1,95,3.21,W,28,34.82,N,-95.0535,28.580333,29.2,29,3.1221
OREGON II,313,26-Jun-15,23:21:54,117,1,95,0.23,W,28,29.93,N,-95.003833,28.498833,33.5,34,3.4891
OREGON II,313,27-Jun-15,5:53:59,118,1,93,52.19,W,28,41.52,N,-93.869833,28.692,26.9,26,5.8901
OREGON II,313,27-Jun-15,8:04:19,119,1,93,43.87,W,28,37.75,N,-93.731167,28.629167,34.3,34,5.6545
OREGON II,313,27-Jun-15,10:25:19,120,1,93,52.26,W,28,27.46,N,-93.871,28.457667,46,45,6.5983
OREGON II,313,27-Jun-15,12:44:40,121,1,93,43.9,W,28,20.29,N,-93.731667,28.338167,56.5,55,5.9495
OREGON II,313,27-Jun-15,15:01:09,122,1,93,38.65,W,28,26.61,N,-93.644167,28.4435,47.8,49,5.9801
OREGON II,313,27-Jun-15,17:40:49,123,1,93,30.14,W,28,29.9,N,-93.502333,28.498333,42.8,41,6.1507
OREGON II,313,27-Jun-15,18:36:13,124,1,93,25.15,W,28,24.85,N,-93.419167,28.414167,51.3,52,5.6624
OREGON II,313,27-Jun-15,20:43:40,125,1,93,17.19,W,28,20.14,N,-93.2865,28.335667,55.4,55,5.8819
OREGON II,313,28-Jun-15,1:03:54,126,1,93,42.71,W,27,59.42,N,-93.711833,27.990333,93.5,92,4.3929
OREGON II,313,28-Jun-15,4:21:23,127,1,93,30,W,27,59.85,N,-93.5,27.9975,95.9,95,3.838
OREGON II,313,28-Jun-15,5:14:01,128,1,93,24.5,W,28,2.39,N,-93.408333,28.039833,90.5,90,3.9655
OREGON II,313,28-Jun-15,10:33:26,129,1,93,17.08,W,28,2.78,N,-93.284667,28.046333,95,94,4.1183
OREGON II,313,28-Jun-15,14:04:23,130,1,93,0.03,W,28,0.61,N,-93.0005,28.010167,105.4,105,3.884
OREGON II,313,28-Jun-15,15:24:16,131,1,92,51.16,W,28,7.84,N,-92.852667,28.130667,80.3,78,3.9596
OREGON II,313,28-Jun-15,18:39:06,132,1,92,29.64,W,28,5.25,N,-92.494,28.0875,94.7,95,3.9787
OREGON II,313,28-Jun-15,21:17:55,133,1,92,29.67,W,28,0.19,N,-92.4945,28.003167,104.4,105,3.8615
OREGON II,313,28-Jun-15,23:01:58,134,1,92,17.81,W,28,6.49,N,-92.296833,28.108167,89.8,87,4.0038
OREGON II,313,29-Jun-15,1:24:54,135,1,92,8.78,W,28,5.1,N,-92.146333,28.085,94.5,87,4.3992
OREGON II,313,29-Jun-15,3:41:23,136,1,92,4.09,W,28,3.19,N,-92.068167,28.053167,102.3,101,4.3288
OREGON II,313,29-Jun-15,6:17:17,137,1,91,48.92,W,28,2.43,N,-91.815333,28.0405,107.5,105,4.3568
OREGON II,313,29-Jun-15,9:52:22,138,1,91,54.87,W,28,4.01,N,-91.9145,28.066833,89.4,88,4.8285
OREGON II,313,29-Jun-15,13:20:56,139,1,92,18.5,W,28,13.56,N,-92.308333,28.226,67.5,66,4.4359
OREGON II,313,29-Jun-15,15:19:24,140,1,92,27.81,W,28,12.35,N,-92.4635,28.205833,68.8,68,3.984
OREGON II,313,29-Jun-15,18:29:28,141,1,92,42.46,W,28,24.09,N,-92.707667,28.4015,54.8,55,5.5294
OREGON II,313,29-Jun-15,21:39:28,142,1,93,6.52,W,28,25.17,N,-93.108667,28.4195,50,50,5.559
OREGON II,313,30-Jun-15,0:26:59,143,1,93,0.42,W,28,29.5,N,-93.007,28.491667,45.3,45,5.1162
OREGON II,313,30-Jun-15,1:38:53,144,1,92,59.76,W,28,32.35,N,-92.996,28.539167,42.6,42,5.5092
OREGON II,313,30-Jun-15,3:16:54,145,1,93,3.98,W,28,31.42,N,-93.066333,28.523667,43.5,43,5.9371
OREGON II,313,30-Jun-15,6:28:47,146,1,93,21.45,W,28,43.41,N,-93.3575,28.7235,28.7,28,4.9415
OREGON II,313,30-Jun-15,9:39:47,147,1,93,2.19,W,28,50.37,N,-93.0365,28.8395,29.6,27,4.8116
OREGON II,313,30-Jun-15,11:33:22,148,1,93,4.68,W,28,59.46,N,-93.078,28.991,29.6,25,3.1929
OREGON II,313,30-Jun-15,15:26:53,149,1,93,30.04,W,28,58.42,N,-93.500667,28.973667,29.6,22,3.9766
OREGON II,313,30-Jun-15,18:51:01,150,1,93,29.68,W,29,0.31,N,-93.494667,29.005167,24,24,3.8907
OREGON II,313,30-Jun-15,19:32:31,151,1,93,25.5,W,29,2.32,N,-93.425,29.038667,20.7,19,4.6567
OREGON II,313,30-Jun-15,21:21:54,152,1,93,20.23,W,29,3.63,N,-93.337167,29.0605,23.2,20,4.8715
OREGON II,313,1-Jul-15,1:10:12,152,2,93,20.39,W,29,4.5,N,-93.339833,29.075,24.2,22,4.3392
OREGON II,313,1-Jul-15,4:20:43,153,1,93,4.32,W,29,17.53,N,-93.072,29.292167,16.7,17,2.0806
OREGON II,313,1-Jul-15,7:23:47,154,1,92,59.53,W,29,29.35,N,-92.992167,29.489167,13.8,12,3.2176
OREGON II,313,1-Jul-15,10:49:56,155,1,92,31.78,W,29,12.38,N,-92.529667,29.206333,17.2,17,4.4638
OREGON II,313,1-Jul-15,12:26:55,156,1,92,24.85,W,29,7.65,N,-92.414167,29.1275,17.8,17,4.8826
OREGON II,313,1-Jul-15,13:45:28,157,1,92,25.56,W,29,2.85,N,-92.426,29.0475,22.5,22,4.9019
OREGON II,313,1-Jul-15,15:02:43,158,1,92,27.68,W,28,59.15,N,-92.461333,28.985833,25.2,24,5.1326
OREGON II,313,1-Jul-15,16:58:57,159,1,92,31.42,W,29,0.99,N,-92.523667,29.0165,24.6,23,4.7538
OREGON II,313,1-Jul-15,18:09:24,160,1,92,38.61,W,29,7.29,N,-92.6435,29.1215,21.9,22,3.7573
OREGON II,313,1-Jul-15,20:17:44,161,1,92,46.28,W,28,57.21,N,-92.771333,28.9535,24.9,24,4.3592
OREGON II,313,1-Jul-15,22:35:19,162,1,92,37.76,W,28,46.46,N,-92.629333,28.774333,31.4,31,4.9789
OREGON II,313,2-Jul-15,0:39:21,163,1,92,46.89,W,28,50.03,N,-92.7815,28.833833,27.2,27,4.7079
OREGON II,313,2-Jul-15,1:57:36,164,1,92,46.17,W,28,45.57,N,-92.7695,28.7595,30.2,30,4.7775
OREGON II,313,2-Jul-15,4:06:33,165,1,92,50.78,W,28,34.58,N,-92.846333,28.576333,38.8,39,5.1713
OREGON II,313,2-Jul-15,7:44:15,166,1,92,30.53,W,28,30.31,N,-92.508833,28.505167,49.3,49,5.1473
OREGON II,313,2-Jul-15,11:42:51,167,1,92,0.46,W,28,29.96,N,-92.007667,28.499333,49.5,49,5.1882
OREGON II,313,2-Jul-15,13:12:31,168,1,92,7.56,W,28,39.84,N,-92.126,28.664,39.1,38,5.1219
OREGON II,313,2-Jul-15,15:40:44,169,1,91,56.15,W,28,45.93,N,-91.935833,28.7655,30,28,5.3875
OREGON II,313,2-Jul-15,17:07:13,170,1,91,57.16,W,28,51.21,N,-91.952667,28.8535,26.7,25,5.4309
OREGON II,313,2-Jul-15,19:14:46,171,1,92,2.07,W,28,59.89,N,-92.0345,28.998167,20.2,20,4.6127
OREGON II,313,2-Jul-15,21:36:22,172,1,91,40.58,W,28,54.25,N,-91.676333,28.904167,19.4,19,5.1721
OREGON II,313,2-Jul-15,22:35:39,173,1,91,37.65,W,28,53.78,N,-91.6275,28.896333,18.8,19,4.6015
OREGON II,313,3-Jul-15,0:15:35,174,1,91,28.42,W,28,47.63,N,-91.473667,28.793833,19.5,20,5.0612
OREGON II,313,3-Jul-15,2:20:57,175,1,91,17.25,W,28,41.74,N,-91.2875,28.695667,19.5,19,4.5906
OREGON II,313,3-Jul-15,4:13:48,176,1,91,11.41,W,28,34.32,N,-91.190167,28.572,28.9,29,4.988
OREGON II,313,3-Jul-15,6:10:05,177,1,91,18.82,W,28,36.21,N,-91.313667,28.6035,28.6,28,5.0776
OREGON II,313,3-Jul-15,7:33:39,178,1,91,25.34,W,28,35.08,N,-91.422333,28.584667,33.5,33,5.0207
OREGON II,313,3-Jul-15,9:46:00,179,1,91,30.34,W,28,29.93,N,-91.505667,28.498833,46.9,44,4.5226
OREGON II,313,3-Jul-15,10:54:35,180,1,91,39.55,W,28,24.93,N,-91.659167,28.4155,57.1,57,4.1916
OREGON II,313,3-Jul-15,12:28:20,181,1,91,45.59,W,28,21.32,N,-91.759833,28.355333,62.4,61,4.6119
OREGON II,313,3-Jul-15,16:10:16,182,1,91,21.26,W,28,20.19,N,-91.354333,28.3365,64.3,64,4.67
OREGON II,313,3-Jul-15,17:58:06,183,1,91,22.48,W,28,16.5,N,-91.374667,28.275,73.7,74,3.7031
OREGON II,313,3-Jul-15,20:36:52,184,1,91,9.59,W,28,10.75,N,-91.159833,28.179167,90.5,90,3.8141
OREGON II,313,3-Jul-15,23:47:04,185,1,91,1.26,W,28,23.42,N,-91.021,28.390333,46.5,46,4.8095
OREGON II,313,4-Jul-15,1:28:27,186,1,91,0.95,W,28,25.35,N,-91.015833,28.4225,41.4,40,4.647
OREGON II,313,4-Jul-15,3:41:20,187,1,91,3.63,W,28,33.96,N,-91.0605,28.566,26.8,26,4.5589
OREGON II,313,4-Jul-15,7:06:34,188,1,90,47.58,W,28,25.71,N,-90.793,28.4285,39.7,38,4.8697
OREGON II,313,4-Jul-15,9:06:44,189,1,90,48.42,W,28,22.03,N,-90.807,28.367167,45.7,44,4.541
OREGON II,313,4-Jul-15,11:37:56,190,1,90,30.59,W,28,22.68,N,-90.509833,28.378,48,47,4.187
OREGON II,313,4-Jul-15,12:59:58,191,1,90,24.76,W,28,20.23,N,-90.412667,28.337167,55.3,54,3.9578
OREGON II,313,4-Jul-15,14:35:07,192,1,90,23.28,W,28,16.12,N,-90.388,28.268667,69.5,69,3.6908
OREGON II,313,4-Jul-15,17:32:37,193,1,90,3.31,W,28,21.03,N,-90.055167,28.3505,91.5,90,3.7868
OREGON II,313,4-Jul-15,19:54:08,194,1,89,59.42,W,28,30.17,N,-89.990333,28.502833,185.5,186,3.7383
OREGON II,313,4-Jul-15,22:32:52,195,1,90,8.31,W,28,48.84,N,-90.1385,28.814,31.2,31,1.6368
OREGON II,313,5-Jul-15,2:25:06,197,1,89,51.08,W,28,48.43,N,-89.851333,28.807167,54,53,2.9828
OREGON II,313,5-Jul-15,5:24:17,198,1,89,35.13,W,28,50,N,-89.5855,28.833333,74.6,74,3.4366
OREGON II,313,5-Jul-15,7:00:57,199,1,89,36.02,W,28,44.37,N,-89.600333,28.7395,90.1,89,3.6707
OREGON II,313,5-Jul-15,10:30:16,200,1,89,14.9,W,28,50.79,N,-89.248333,28.8465,101.4,100,3.7165
OREGON II,313,5-Jul-15,14:31:30,201,1,88,59.93,W,29,0.12,N,-88.998833,29.002,69.7,66,3.865
OREGON II,313,5-Jul-15,16:09:34,202,1,89,1.17,W,29,2.93,N,-89.0195,29.048833,30.6,30,3.3312
OREGON II,313,5-Jul-15,23:10:47,203,1,87,59.93,W,29,29.89,N,-87.998833,29.498167,44.6,43,4.5929
OREGON II,313,6-Jul-15,9:02:00,204,1,86,15.76,W,29,41.48,N,-86.262667,29.691333,68.3,66,4.9767
OREGON II,313,6-Jul-15,10:56:28,205,1,86,12.41,W,29,50.08,N,-86.206833,29.834667,51.4,50,5.8366
OREGON II,313,6-Jul-15,12:45:06,206,1,86,4,W,29,57.61,N,-86.066667,29.960167,35.4,35,5.7509
OREGON II,313,6-Jul-15,18:22:16,207,1,85,53.59,W,29,22.41,N,-85.893167,29.3735,57.3,57,5.0189
OREGON II,313,6-Jul-15,19:30:10,208,1,85,52.93,W,29,24.61,N,-85.882167,29.410167,50.6,51,4.9736
OREGON II,313,6-Jul-15,21:20:30,209,1,85,44.96,W,29,21.37,N,-85.749333,29.356167,51.4,50,5.6905
OREGON II,313,6-Jul-15,23:06:18,210,1,85,33.39,W,29,22.5,N,-85.5565,29.375,34.1,34,5.9491
OREGON II,313,7-Jul-15,0:42:58,211,1,85,29.9,W,29,26.49,N,-85.498333,29.4415,25.7,25,6.0803
OREGON II,313,7-Jul-15,1:39:42,212,1,85,21.71,W,29,26.93,N,-85.361833,29.448833,26.8,27,6.0867
OREGON II,313,7-Jul-15,4:37:04,213,1,85,3.74,W,29,12.56,N,-85.062333,29.209333,32.2,33,6.379
OREGON II,313,7-Jul-15,6:21:32,214,1,84,58.89,W,29,13.82,N,-84.9815,29.230333,28.6,28,6.1474
OREGON II,313,7-Jul-15,8:22:23,215,1,84,47.96,W,29,19.95,N,-84.799333,29.3325,27.1,26,6.0421
OREGON II,313,7-Jul-15,10:02:45,216,1,84,40.19,W,29,25.39,N,-84.669833,29.423167,28.3,28,5.6298
OREGON II,313,7-Jul-15,11:26:18,217,1,84,38.6,W,29,22.48,N,-84.643333,29.374667,29.5,28,5.6789
OREGON II,313,7-Jul-15,13:03:45,218,1,84,31.04,W,29,23.38,N,-84.517333,29.389667,27.2,27,5.5883
OREGON II,313,7-Jul-15,17:45:02,219,1,84,1.26,W,29,33.43,N,-84.021,29.557167,18.6,17,5.4792
OREGON II,313,7-Jul-15,20:14:25,220,1,84,13.76,W,29,21.99,N,-84.229333,29.3665,25.6,23,5.6744
OREGON II,313,7-Jul-15,23:40:54,221,1,84,20.35,W,28,56.04,N,-84.339167,28.934,28.2,30,4.4232
OREGON II,313,8-Jul-15,1:46:21,222,1,84,29.35,W,29,0.09,N,-84.489167,29.0015,34.2,33,6.2071
OREGON II,313,8-Jul-15,3:38:21,223,1,84,47.78,W,28,54.39,N,-84.796333,28.9065,45.8,45,6.6659
OREGON II,313,8-Jul-15,5:13:07,224,1,84,51.09,W,28,57.85,N,-84.8515,28.964167,42.8,40,6.5265
OREGON II,313,8-Jul-15,6:55:43,225,1,84,55.5,W,29,4.43,N,-84.925,29.073833,36.9,37,6.1891
OREGON II,313,8-Jul-15,9:35:35,226,1,84,59.9,W,29,0.45,N,-84.998333,29.0075,42.5,42,6.3859
OREGON II,313,14-Jul-15,1:20:29,227,1,87,54.89,W,30,3.79,N,-87.914833,30.063167,16.6,15,5.0071
OREGON II,313,14-Jul-15,20:10:02,228,1,84,46.48,W,28,37.64,N,-84.774667,28.627333,54.4,54,6.3746
OREGON II,313,15-Jul-15,1:11:41,229,1,84,2.92,W,28,26.26,N,-84.048667,28.437667,37.3,35,4.789
OREGON II,313,15-Jul-15,3:11:50,230,1,83,59.52,W,28,31.19,N,-83.992,28.519833,34.4,33,4.2531
OREGON II,313,15-Jul-15,4:05:58,231,1,83,53.03,W,28,27.53,N,-83.883833,28.458833,33.3,31,2.7463
OREGON II,313,15-Jul-15,6:31:59,232,1,83,48.5,W,28,32.95,N,-83.808333,28.549167,30.2,29,2.1741
OREGON II,313,15-Jul-15,8:33:08,233,1,83,56.25,W,28,41.87,N,-83.9375,28.697833,29.1,30,3.3086
OREGON II,313,15-Jul-15,11:21:28,234,1,84,13.96,W,28,45.02,N,-84.232667,28.750333,35.9,34,3.7971
OREGON II,313,15-Jul-15,13:09:39,235,1,84,17.38,W,28,47.1,N,-84.289667,28.785,35.8,36,4.3883
OREGON II,313,15-Jul-15,20:54:11,237,1,84,10.1,W,29,6.5,N,-84.168333,29.108333,27.3,26,4.9662
OREGON II,313,15-Jul-15,23:28:51,238,1,84,29.71,W,29,7.65,N,-84.495167,29.1275,29.6,27,5.3029
OREGON II,313,16-Jul-15,0:55:45,239,1,84,32.53,W,29,12.62,N,-84.542167,29.210333,30.4,27,5.8364
OREGON II,313,16-Jul-15,3:55:55,240,1,84,53.21,W,29,2.96,N,-84.886833,29.049333,38.5,38,6.0448
OREGON II,313,16-Jul-15,6:05:27,241,1,85,6.39,W,29,3.67,N,-85.1065,29.061167,36.5,36,6.2965
OREGON II,313,16-Jul-15,16:10:28,242,1,85,42.07,W,29,32.03,N,-85.701167,29.533833,31.7,30,5.7638
OREGON II,313,16-Jul-15,20:20:27,243,1,86,5.03,W,29,48.25,N,-86.083833,29.804167,42.8,40,5.5343
